asia,tub,smoke,lung,bronc,either,xray,dysp
no,no,no,no,yes,no,no,yes
no,no,yes,no,yes,no,no,yes
no,no,yes,yes,yes,yes,yes,yes
no,no,yes,no,yes,no,no,yes
no,no,yes,no,no,no,no,no
no,no,yes,no,yes,no,no,no
no,no,no,no,missing,no,no,missing
missing,no,yes,no,yes,no,missing,missing
no,no,no,no,no,no,no,no
missing,no,yes,no,yes,no,no,yes
no,no,no,missing,no,no,no,no
no,no,yes,no,yes,no,no,yes
no,no,no,no,yes,no,no,yes
no,no,yes,no,missing,no,no,no
missing,missing,missing,no,yes,missing,no,yes
no,no,no,no,missing,no,no,no
no,no,yes,no,yes,no,no,yes
no,no,no,no,yes,no,no,yes
no,no,yes,no,no,no,no,no
no,no,no,no,no,no,no,no
no,no,yes,no,yes,no,no,yes
no,no,no,no,no,no,no,missing
no,no,no,no,no,no,no,no
no,no,yes,no,no,no,no,no
no,no,yes,no,missing,no,no,yes
no,no,yes,missing,yes,no,no,yes
missing,no,yes,no,no,no,no,no
missing,missing,yes,no,yes,no,no,no
no,no,missing,no,no,no,no,no
no,no,yes,no,yes,no,no,yes
no,missing,yes,no,no,no,no,no
no,yes,no,yes,yes,yes,yes,yes
no,no,no,no,no,no,no,no
no,no,yes,no,yes,missing,no,no
no,no,no,missing,no,no,no,no
missing,no,no,no,no,no,yes,missing
no,no,no,no,no,no,no,no
no,no,no,no,no,no,no,no
no,no,yes,no,yes,no,no,yes
no,no,no,no,no,no,no,no
no,missing,missing,yes,yes,yes,yes,yes
no,no,yes,no,no,no,no,no
no,no,no,no,missing,no,no,no
no,no,no,no,yes,no,no,yes
no,no,yes,no,yes,no,no,yes
missing,no,yes,no,no,no,no,yes
no,no,yes,no,yes,no,no,yes
no,no,yes,yes,yes,yes,yes,no
no,no,no,no,yes,no,no,yes
no,no,yes,no,no,no,no,no
no,no,no,no,no,no,no,no
no,no,no,yes,no,yes,yes,yes
no,no,no,no,yes,no,no,yes
no,no,no,no,no,no,no,no
missing,missing,yes,no,yes,no,no,yes
missing,no,yes,no,no,no,no,no
no,no,yes,no,yes,no,no,yes
no,no,yes,no,yes,no,no,yes
missing,no,missing,no,yes,no,no,yes
no,missing,yes,no,yes,no,no,no
no,missing,yes,no,yes,no,no,yes
no,no,no,no,yes,no,yes,yes
no,no,yes,no,no,no,no,no
no,no,no,yes,yes,yes,yes,yes
no,no,no,no,no,no,no,no
no,no,yes,no,no,no,no,no
no,no,no,no,no,no,no,no
no,no,yes,no,yes,no,no,yes
no,no,no,no,no,no,no,no
no,no,yes,no,no,no,missing,yes
no,no,no,no,yes,no,no,yes
no,no,yes,no,no,no,no,missing
no,no,no,no,missing,no,no,no
no,no,no,no,yes,no,no,yes
no,no,no,no,no,no,no,no
no,no,no,no,no,no,yes,yes
no,no,no,no,no,no,no,no
no,no,yes,no,yes,missing,no,yes
no,no,yes,no,no,no,no,no
no,no,no,no,no,no,no,no
no,missing,no,no,no,no,no,no
no,no,yes,no,yes,no,no,yes
no,no,yes,no,no,no,no,no
no,no,no,no,yes,missing,no,yes
no,no,yes,no,yes,no,no,yes
no,no,no,no,no,no,no,no
no,no,yes,no,missing,no,yes,no
no,no,no,no,no,missing,no,no
no,no,missing,no,yes,no,no,no
no,yes,no,no,yes,yes,yes,no
no,no,yes,yes,yes,yes,yes,no
no,no,yes,no,no,no,no,no
no,no,no,missing,no,no,no,missing
no,no,missing,no,no,no,no,no
no,no,yes,no,missing,no,no,no
no,missing,no,no,missing,no,no,yes
yes,no,yes,no,no,no,no,yes
no,no,no,no,no,no,no,no
missing,no,yes,yes,no,missing,yes,yes
no,no,yes,no,no,no,no,no
no,no,no,no,no,no,no,yes
no,no,no,no,no,no,no,no
no,no,no,no,no,no,yes,no
no,no,no,missing,missing,no,no,missing
no,no,missing,no,missing,no,no,no
no,no,yes,no,yes,no,no,yes
no,no,yes,no,missing,no,no,no
no,no,no,no,no,no,no,no
no,no,no,no,no,no,no,yes
no,no,yes,no,no,no,no,no
no,no,yes,no,missing,no,missing,no
no,no,missing,no,missing,no,no,no
no,no,missing,no,yes,no,no,yes
no,no,missing,no,no,no,no,no
missing,no,missing,no,no,no,no,no
no,no,no,no,no,missing,no,no
no,no,yes,missing,yes,no,yes,no
no,no,no,no,no,no,no,no
no,no,yes,yes,yes,yes,yes,yes
no,no,yes,no,yes,missing,no,yes
no,no,missing,no,yes,no,missing,yes
no,no,yes,no,yes,no,no,no
no,no,no,no,yes,no,no,no
no,no,no,no,no,no,no,no
no,no,yes,no,no,no,no,yes
no,no,no,no,yes,no,no,yes
no,missing,no,no,no,no,no,no
no,no,no,no,yes,no,no,no
no,no,yes,no,yes,no,no,no
no,no,yes,no,no,no,no,missing
no,no,yes,missing,missing,no,no,yes
no,no,yes,no,no,no,no,no
no,no,no,no,yes,missing,no,yes
no,no,yes,no,no,no,no,no
missing,no,no,no,no,no,no,yes
no,no,no,no,yes,no,no,yes
no,no,yes,no,yes,no,no,yes
no,no,yes,no,missing,missing,no,yes
no,no,no,no,yes,no,no,yes
no,no,yes,no,no,no,no,no
no,no,missing,missing,yes,no,no,yes
missing,no,no,no,no,no,no,yes
no,no,no,no,yes,no,no,yes
no,no,yes,no,yes,no,no,yes
no,no,missing,yes,no,yes,yes,yes
no,no,yes,no,no,no,no,yes
missing,no,no,no,yes,no,no,yes
no,no,yes,missing,yes,no,missing,yes
missing,missing,no,no,missing,no,no,no
no,no,no,no,no,no,no,no
no,no,no,no,yes,no,no,yes
no,no,no,yes,no,yes,yes,yes
no,no,no,no,yes,no,no,yes
missing,no,yes,no,yes,no,no,yes
no,no,no,no,missing,no,no,no
no,no,no,no,no,no,no,no
no,no,no,no,no,no,no,no
no,no,no,no,no,no,no,yes
no,no,yes,no,yes,no,no,yes
no,no,no,no,yes,missing,no,no
no,no,missing,no,no,no,no,no
no,missing,no,no,no,no,no,no
no,no,yes,no,no,missing,no,no
missing,no,missing,no,no,no,no,no
no,no,yes,no,no,no,no,no
no,no,yes,no,yes,no,no,yes
no,no,yes,no,no,no,no,no
no,no,yes,no,no,no,no,no
no,no,yes,no,missing,no,no,no
no,no,yes,no,no,no,no,no
no,no,yes,no,yes,no,no,no
no,no,no,no,yes,no,no,yes
missing,no,yes,no,missing,no,no,yes
no,no,yes,no,yes,no,no,yes
missing,no,yes,no,yes,no,no,yes
no,no,no,no,yes,no,no,no
no,no,yes,no,no,no,no,missing
no,no,yes,missing,missing,no,no,no
missing,no,yes,no,yes,no,missing,yes
no,no,yes,no,no,no,no,no
no,missing,no,missing,yes,no,no,yes
no,no,yes,no,yes,no,no,missing
no,no,missing,no,no,no,no,no
no,no,yes,missing,yes,no,missing,missing
no,no,no,missing,no,missing,no,no
no,no,yes,no,yes,no,no,yes
missing,no,no,no,no,no,no,no
no,no,yes,no,no,missing,no,no
missing,no,yes,no,yes,no,no,no
no,no,missing,missing,yes,no,no,yes
no,no,no,no,yes,no,no,yes
no,no,no,missing,no,no,no,yes
no,no,no,no,no,no,no,no
no,no,no,no,no,no,no,no
no,no,no,no,missing,no,no,no
no,no,no,no,no,no,no,missing
no,no,no,no,no,no,no,no
no,missing,missing,no,no,no,no,no
no,no,yes,yes,yes,yes,yes,yes
no,no,yes,no,yes,no,no,yes
missing,no,yes,no,no,no,no,no
no,no,no,no,yes,no,no,no
no,no,no,no,yes,no,no,no
no,no,yes,no,yes,no,no,yes
no,no,no,no,missing,no,missing,no
no,no,missing,missing,no,no,no,no
no,no,yes,no,missing,no,missing,no
missing,no,yes,no,yes,no,no,no
no,no,no,no,no,no,no,no
no,no,yes,no,yes,no,no,missing
no,no,no,no,no,no,no,missing
no,no,no,no,no,no,no,no
no,no,no,no,missing,no,no,missing
no,no,no,missing,no,missing,missing,no
no,no,yes,no,yes,no,no,yes
no,no,no,no,no,no,no,no
no,no,missing,no,yes,no,no,yes
no,no,yes,no,yes,no,no,yes
no,no,no,no,yes,no,no,yes
no,no,yes,missing,yes,no,missing,yes
no,no,yes,yes,yes,yes,no,missing
no,no,no,no,no,no,no,no
no,missing,missing,no,no,no,yes,no
no,no,no,no,no,no,missing,yes
no,no,yes,no,no,no,no,no
no,no,no,no,no,no,no,missing
no,no,yes,missing,no,no,missing,no
no,no,yes,no,no,no,no,no
no,no,no,missing,yes,missing,yes,missing
no,no,yes,no,no,no,no,no
no,no,yes,no,yes,no,no,yes
no,no,no,no,yes,no,no,yes
no,no,missing,no,yes,no,no,no
missing,no,yes,no,no,no,no,no
no,no,yes,no,yes,no,no,yes
no,no,no,no,missing,missing,no,yes
no,no,no,no,yes,no,no,yes
no,no,yes,yes,no,yes,yes,yes
no,no,yes,no,yes,no,no,yes
no,no,yes,yes,yes,yes,missing,yes
no,no,no,no,yes,no,yes,missing
missing,no,missing,yes,yes,yes,yes,yes
no,no,yes,no,missing,no,missing,no
no,no,no,no,no,no,yes,no
no,no,missing,no,yes,no,no,yes
no,no,yes,no,yes,no,no,no
no,no,yes,no,yes,no,no,yes
no,missing,no,no,no,no,no,no
no,no,no,no,yes,no,missing,yes
no,no,no,no,no,no,no,no
no,no,no,no,no,no,no,no
no,no,yes,no,yes,missing,no,yes
no,no,no,no,no,no,no,yes
no,no,yes,no,yes,no,no,yes
missing,no,yes,no,yes,no,no,no
no,no,yes,no,missing,no,no,yes
no,no,yes,yes,no,yes,yes,yes
no,no,no,no,no,missing,no,no
no,no,yes,no,yes,no,no,yes
no,no,no,missing,no,no,no,no
no,no,yes,missing,yes,no,yes,no
no,no,no,no,yes,no,no,yes
no,missing,yes,no,yes,no,no,yes
no,no,yes,no,yes,no,no,yes
no,no,yes,no,yes,no,no,yes
no,no,no,no,no,no,missing,yes
no,no,no,no,no,no,yes,no
no,no,yes,missing,yes,no,no,yes
no,no,yes,no,no,no,no,no
missing,no,missing,no,no,no,missing,yes
no,missing,missing,no,yes,no,no,yes
no,no,missing,no,missing,no,no,no
missing,no,yes,no,no,no,yes,no
missing,no,no,no,no,no,no,no
missing,no,yes,no,no,no,no,no
no,no,yes,no,yes,no,no,missing
no,no,no,no,no,no,no,no
no,yes,yes,no,yes,yes,yes,missing
no,no,no,no,no,no,no,no
no,no,yes,no,yes,no,yes,yes
no,no,yes,missing,yes,no,no,no
no,no,yes,no,yes,missing,missing,no
no,no,yes,no,yes,no,no,yes
no,no,no,no,no,no,no,no
no,no,no,no,missing,no,no,no
missing,no,yes,no,yes,no,no,no
no,no,yes,no,yes,missing,no,yes
no,no,missing,no,yes,no,no,yes
no,no,no,no,no,no,no,no
no,yes,no,no,yes,yes,yes,yes
no,no,no,no,no,no,no,no
no,no,no,missing,no,no,no,no
no,no,yes,no,yes,no,no,no
no,no,yes,missing,yes,no,missing,yes
no,no,yes,no,missing,no,no,no
no,no,no,no,yes,no,yes,yes
no,no,no,no,yes,no,no,yes
no,no,yes,no,yes,no,no,yes
no,no,no,no,no,no,no,no
no,no,yes,no,yes,no,missing,yes
no,no,yes,no,yes,no,no,yes
no,no,yes,no,yes,no,missing,no
missing,no,no,no,no,missing,no,missing
no,no,yes,yes,no,yes,yes,yes
missing,no,no,no,no,no,missing,no
no,no,no,no,yes,no,no,yes
no,no,yes,no,yes,no,no,yes
no,no,missing,no,no,no,no,no
no,no,no,no,no,no,no,no
no,no,no,no,no,no,no,yes
no,no,yes,no,no,missing,no,no
no,no,yes,no,no,no,no,no
no,no,no,no,no,no,no,no
no,missing,yes,yes,no,yes,yes,no
no,no,no,no,no,no,missing,missing
no,no,yes,no,no,missing,no,no
no,no,no,no,missing,no,no,no
no,missing,no,no,yes,no,no,yes
no,missing,yes,yes,yes,yes,yes,yes
no,no,missing,no,missing,no,no,yes
missing,no,no,no,yes,no,missing,yes
no,no,no,missing,yes,missing,no,yes
no,no,no,no,missing,no,no,no
no,no,yes,yes,no,yes,yes,missing
no,no,yes,no,missing,no,missing,no
no,no,yes,no,missing,no,no,yes
no,no,yes,no,yes,no,no,yes
no,no,no,no,no,no,no,no
no,no,yes,no,yes,no,no,no
no,no,no,no,no,no,no,no
no,no,yes,no,yes,no,no,yes
no,no,missing,no,no,no,yes,no
no,no,no,no,missing,no,no,missing
no,no,yes,no,missing,no,no,missing
no,missing,no,no,no,no,no,missing
no,no,no,no,no,no,no,no
no,no,yes,no,no,no,no,no
no,no,yes,no,yes,no,no,no
no,no,no,no,yes,no,no,missing
no,missing,no,no,no,no,no,no
no,yes,no,no,missing,missing,yes,no
no,no,no,missing,no,no,no,no
no,missing,yes,no,yes,missing,no,no
no,no,missing,no,no,no,no,missing
no,no,yes,no,yes,no,no,yes
no,no,no,no,no,no,no,no
no,no,no,missing,missing,missing,no,yes
no,no,no,no,yes,no,no,yes
no,no,missing,no,no,no,no,missing
no,no,no,no,no,no,missing,no
missing,no,no,no,missing,missing,no,no
no,no,no,no,no,no,no,no
no,no,missing,yes,no,yes,yes,yes
no,no,no,no,no,no,no,yes
no,missing,no,no,no,no,no,no
no,no,no,no,yes,no,no,yes
no,no,yes,no,yes,no,no,yes
no,no,no,no,yes,no,no,yes
no,missing,missing,no,no,missing,no,no
no,no,no,no,no,no,no,missing
no,no,missing,yes,yes,yes,yes,yes
no,no,yes,no,no,no,no,no
no,no,no,no,yes,no,no,yes
no,missing,no,no,no,no,no,no
no,no,no,no,no,no,no,no
missing,no,yes,no,yes,no,no,yes
no,no,no,no,no,no,missing,no
no,missing,no,no,no,no,no,no
no,missing,no,no,no,no,no,yes
no,missing,no,no,yes,no,no,yes
no,no,no,no,no,no,no,no
no,no,no,no,no,no,no,missing
no,no,yes,no,yes,no,no,missing
no,no,no,no,missing,no,no,no
no,no,yes,no,yes,no,no,yes
no,no,yes,no,no,no,no,yes
no,no,no,no,no,no,no,no
no,no,yes,no,no,no,no,no
no,no,no,no,no,no,no,no
no,no,yes,no,no,no,no,no
no,no,no,missing,yes,no,no,yes
no,missing,yes,no,no,no,no,no
no,no,missing,no,yes,missing,no,yes
missing,no,no,no,no,missing,no,yes
no,no,missing,no,yes,no,no,missing
no,no,missing,no,no,missing,no,no
no,no,missing,no,no,no,no,no
no,no,yes,no,no,missing,no,no
no,no,yes,missing,yes,no,no,yes
no,no,missing,no,yes,no,no,yes
no,no,no,no,no,no,no,no
no,no,yes,no,no,no,no,no
no,no,no,no,yes,no,no,yes
no,no,no,no,missing,no,no,no
no,missing,no,no,missing,no,no,no
no,no,yes,no,no,no,no,no
no,no,no,no,no,no,no,no
no,no,no,no,no,no,no,no
no,no,no,missing,yes,no,missing,yes
no,no,yes,yes,no,yes,yes,yes
no,no,yes,no,yes,no,no,yes
no,no,no,yes,no,yes,yes,yes
no,no,yes,no,no,no,no,no
no,no,yes,no,yes,no,missing,yes
no,no,no,no,yes,no,no,yes
no,missing,yes,no,no,no,no,no
yes,no,no,no,yes,no,no,yes
no,no,yes,yes,no,yes,yes,yes
no,no,no,no,no,no,no,no
no,no,no,no,no,missing,no,no
no,no,no,no,no,no,no,no
no,no,no,no,yes,no,no,no
no,no,yes,yes,yes,yes,yes,missing
missing,no,missing,no,yes,missing,no,yes
no,no,no,no,no,no,no,no
no,missing,no,no,no,no,no,missing
no,no,yes,no,no,no,no,no
no,no,yes,no,no,no,yes,no
no,no,no,missing,no,no,no,no
no,no,yes,no,no,no,no,no
no,no,no,no,yes,no,no,yes
no,no,no,no,yes,no,no,no
no,no,no,no,no,no,no,no
no,no,no,no,no,no,no,no
no,no,yes,no,yes,no,no,missing
no,no,no,no,no,no,no,missing
no,no,yes,no,no,no,no,no
no,missing,missing,no,no,no,no,no
no,missing,no,missing,no,no,no,no
no,no,yes,yes,no,yes,yes,yes
no,no,yes,no,missing,no,no,no
no,missing,yes,missing,yes,no,no,yes
no,no,yes,no,yes,no,no,yes
no,missing,yes,no,yes,no,no,missing
no,no,no,no,yes,no,no,missing
no,no,yes,no,no,no,no,no
no,no,no,no,missing,no,no,no
no,no,no,no,no,no,no,no
no,no,missing,missing,no,no,no,missing
no,no,yes,yes,yes,yes,yes,yes
no,missing,yes,no,yes,no,no,yes
no,no,yes,no,yes,missing,no,yes
no,no,no,no,no,no,missing,no
no,no,no,no,no,missing,no,no
no,no,no,missing,no,no,no,no
no,no,yes,no,no,no,no,no
no,no,yes,no,yes,no,no,yes
no,no,no,no,no,no,missing,yes
no,missing,yes,missing,yes,no,missing,yes
no,no,yes,yes,yes,missing,yes,yes
no,no,no,no,yes,no,missing,yes
no,missing,yes,no,yes,no,no,yes
missing,no,no,no,no,no,missing,no
no,missing,no,no,yes,no,no,yes
no,missing,no,no,no,no,no,no
no,no,no,no,no,no,no,missing
no,no,yes,no,yes,no,no,missing
no,missing,yes,no,no,no,no,no
no,no,no,no,yes,no,no,yes
no,missing,yes,yes,no,yes,yes,yes
no,missing,no,no,no,no,no,no
no,missing,no,no,no,no,no,missing
missing,no,yes,yes,yes,yes,missing,yes
no,no,yes,no,no,no,no,no
no,no,yes,no,yes,no,no,yes
no,no,no,no,no,missing,no,no
no,no,no,no,no,no,no,no
no,no,yes,no,no,no,no,no
no,no,no,no,no,no,no,yes
no,missing,no,no,missing,no,no,no
no,no,yes,no,yes,no,no,yes
no,no,yes,missing,no,no,no,no
no,no,no,no,no,no,no,no
missing,no,no,no,missing,no,no,yes
no,no,yes,no,no,no,no,no
no,no,no,no,no,no,no,no
no,no,no,no,no,no,no,no
no,no,no,no,no,no,no,no
no,no,yes,no,no,no,no,no
no,no,yes,no,yes,no,no,yes
no,no,yes,no,yes,no,no,no
no,missing,no,no,no,no,no,no
missing,no,no,no,yes,no,no,yes
no,no,yes,no,yes,missing,no,yes
no,no,no,no,no,missing,yes,no
no,no,yes,no,yes,no,no,yes
no,no,yes,no,yes,no,no,no
no,no,yes,no,yes,no,no,yes
no,no,yes,no,yes,no,missing,yes
no,no,yes,no,yes,missing,no,missing
no,no,no,no,no,no,no,no
no,no,missing,no,yes,no,no,yes
no,missing,no,no,missing,no,no,yes
no,no,missing,no,yes,no,no,yes
missing,no,no,no,no,no,yes,no
missing,no,yes,no,no,no,yes,no
no,no,yes,missing,yes,yes,yes,yes
missing,no,no,no,no,no,no,no
no,no,yes,no,no,no,no,no
no,no,yes,yes,yes,missing,missing,yes
no,no,yes,no,yes,no,missing,yes
no,no,yes,yes,yes,yes,yes,yes
no,no,no,no,missing,no,no,no
no,no,no,no,no,no,missing,no
missing,no,yes,no,yes,no,no,yes
no,no,no,no,yes,no,no,no
missing,no,no,no,no,no,no,no
no,no,yes,no,missing,no,no,yes
no,no,yes,yes,no,yes,yes,yes
missing,no,no,no,no,no,no,yes
no,no,yes,no,no,no,no,no
no,no,no,no,yes,no,missing,yes
no,no,no,no,yes,no,no,yes
no,missing,no,no,no,no,no,no
yes,yes,yes,no,yes,yes,yes,yes
no,no,missing,no,no,no,no,missing
no,no,no,no,no,no,no,no
no,no,no,no,no,missing,no,no
no,no,missing,no,no,no,no,no
no,no,yes,no,yes,no,no,yes
no,missing,no,no,no,no,no,no
no,no,missing,missing,no,no,no,no
no,no,no,no,no,no,no,no
no,no,yes,no,missing,no,missing,no
no,no,no,no,no,no,no,missing
no,no,yes,missing,yes,missing,no,yes
missing,missing,yes,no,yes,missing,no,yes
missing,no,no,missing,no,no,no,no
no,missing,no,missing,no,no,no,no
no,no,yes,no,yes,no,missing,no
no,no,yes,no,yes,no,no,no
no,no,missing,no,no,no,no,no
no,no,yes,no,yes,missing,no,yes
no,no,no,no,missing,no,no,no
missing,no,no,no,no,no,missing,no
yes,no,yes,no,missing,no,no,yes
no,no,no,no,yes,no,no,no
no,no,no,no,no,no,no,no
no,no,no,no,missing,no,missing,yes
no,yes,no,no,yes,yes,yes,yes
missing,no,no,missing,missing,no,no,yes
no,no,no,no,yes,missing,no,yes
no,no,yes,no,no,missing,no,yes
no,no,no,no,yes,missing,no,yes
no,missing,no,no,no,no,no,no
no,no,yes,no,missing,no,no,no
no,no,yes,no,yes,no,no,yes
no,no,yes,no,no,missing,no,no
no,missing,yes,no,no,missing,missing,no
no,no,yes,no,yes,no,no,yes
no,no,yes,no,no,no,no,no
no,no,yes,yes,yes,yes,yes,missing
no,no,yes,missing,yes,no,no,yes
no,no,yes,no,yes,no,no,no
no,no,yes,no,yes,no,no,no
no,no,yes,no,no,no,yes,no
no,no,no,no,yes,no,no,yes
no,no,yes,no,missing,no,no,no
no,yes,no,no,no,yes,yes,yes
no,no,no,no,no,no,no,no
no,no,yes,no,yes,no,no,yes
no,no,no,no,yes,no,no,no
no,no,no,no,missing,no,no,no
no,no,no,no,no,no,no,no
missing,no,yes,missing,yes,no,no,yes
no,no,no,no,no,no,no,no
no,no,missing,no,yes,no,no,yes
no,no,missing,no,no,no,no,no
no,no,no,no,no,no,no,no
no,no,yes,no,missing,no,no,no
no,no,no,no,no,no,no,no
no,no,yes,no,no,no,no,no
no,no,no,no,yes,no,no,yes
no,no,yes,no,missing,no,no,no
no,no,yes,yes,no,yes,yes,yes
no,missing,yes,no,yes,no,no,yes
missing,missing,yes,no,no,no,no,no
missing,no,yes,no,yes,no,no,no
no,no,yes,no,yes,no,no,yes
no,no,yes,no,no,no,missing,no
no,no,yes,no,yes,no,no,yes
no,no,missing,no,yes,no,no,missing
no,no,no,no,no,no,yes,no
no,no,no,no,yes,no,no,yes
no,no,yes,no,yes,no,no,yes
no,no,yes,no,no,no,no,no
no,no,no,no,no,no,no,no
no,no,no,no,no,no,missing,no
no,no,missing,yes,yes,missing,yes,yes
no,missing,no,no,no,missing,no,no
no,no,missing,no,no,no,no,missing
no,no,yes,no,no,no,no,no
no,no,no,no,yes,no,yes,yes
no,no,no,no,no,no,no,no
no,no,no,no,missing,missing,no,no
no,missing,yes,no,missing,no,missing,no
no,no,no,no,no,no,no,no
no,no,no,no,no,no,yes,no
no,no,no,no,no,no,no,no
missing,no,no,no,no,no,missing,no
no,no,yes,missing,no,no,missing,no
no,no,no,no,no,no,no,no
no,no,yes,no,yes,no,missing,yes
no,no,yes,no,yes,no,missing,yes
no,no,no,no,yes,no,no,yes
no,no,missing,no,missing,no,no,no
no,no,no,no,no,no,no,no
no,no,yes,no,no,no,no,no
no,no,no,no,missing,no,no,yes
no,no,yes,yes,yes,yes,yes,yes
no,no,yes,no,no,no,yes,no
no,no,no,no,no,no,no,no
no,no,yes,no,yes,no,no,no
no,no,yes,no,no,no,missing,no
no,no,missing,no,no,no,no,no
no,no,yes,no,yes,no,yes,no
no,no,no,no,no,missing,no,no
no,no,yes,no,missing,no,no,no
no,no,yes,no,no,no,no,no
no,no,no,no,no,no,no,no
no,no,no,no,yes,no,no,yes
missing,no,no,no,no,no,no,no
no,no,yes,missing,yes,no,no,missing
no,missing,no,no,yes,no,no,yes
no,no,no,no,missing,no,no,no
no,no,missing,missing,no,no,no,no
no,no,no,no,yes,no,no,yes
no,missing,no,no,yes,no,missing,yes
no,missing,no,yes,no,missing,yes,missing
missing,no,no,missing,no,no,no,no
no,no,no,no,yes,no,no,yes
no,no,yes,no,yes,no,no,yes
no,no,no,no,yes,no,no,yes
no,no,yes,no,no,no,no,no
no,no,missing,missing,yes,missing,no,yes
no,no,yes,no,yes,no,no,yes
no,no,yes,no,yes,no,no,missing
missing,no,yes,no,yes,no,no,yes
no,no,no,no,no,no,no,no
missing,no,no,no,yes,no,no,missing
no,no,missing,no,no,no,missing,no
no,no,no,no,yes,no,no,yes
no,no,yes,no,yes,no,no,yes
no,no,yes,missing,missing,no,no,no
no,no,yes,no,no,no,missing,no
no,missing,yes,no,yes,no,no,no
missing,no,no,no,yes,no,yes,yes
missing,no,no,no,missing,no,no,no
no,no,yes,no,yes,no,no,no
no,no,yes,missing,yes,no,no,yes
no,no,no,no,yes,missing,no,yes
no,no,no,no,no,no,no,no
no,no,missing,no,missing,no,no,no
missing,no,no,no,yes,no,no,no
no,no,yes,no,missing,no,no,yes
missing,no,yes,no,yes,no,no,yes
no,missing,no,no,missing,no,no,yes
no,no,no,no,no,no,no,no
yes,no,yes,no,yes,no,no,yes
no,no,no,no,missing,no,no,no
no,missing,yes,no,no,no,no,no
no,no,no,no,missing,no,no,no
missing,no,yes,no,yes,no,no,missing
no,no,no,no,no,no,no,no
no,no,no,no,no,no,no,no
no,no,no,no,no,no,no,no
no,no,yes,no,yes,no,missing,yes
no,no,yes,no,no,no,no,no
no,missing,yes,no,no,no,no,no
no,no,yes,yes,yes,yes,yes,yes
no,no,yes,missing,yes,no,no,no
no,no,yes,no,yes,no,no,yes
missing,no,no,no,no,no,no,no
no,no,no,no,no,no,no,no
no,no,yes,yes,yes,yes,yes,yes
no,no,no,no,no,missing,no,no
no,no,yes,missing,yes,missing,no,no
no,no,no,no,no,no,no,no
no,no,no,no,no,no,missing,no
no,no,no,no,no,no,no,no
no,no,yes,no,yes,no,no,yes
no,no,yes,no,yes,no,no,yes
no,no,no,no,yes,missing,missing,yes
no,no,no,no,yes,no,no,missing
no,no,no,no,no,no,no,missing
no,no,no,no,no,no,no,no
yes,no,no,no,no,no,no,no
no,missing,yes,no,yes,no,no,yes
missing,no,yes,no,no,no,no,no
no,no,yes,no,yes,no,no,no
no,no,no,missing,no,missing,no,no
no,no,no,no,no,no,no,no
no,no,no,no,no,no,no,yes
no,no,missing,no,missing,no,no,no
no,no,yes,no,no,no,yes,no
no,no,no,no,yes,missing,no,yes
no,no,yes,no,no,no,no,no
no,missing,no,no,no,no,no,no
no,no,no,no,no,missing,no,missing
no,no,no,no,no,no,missing,no
missing,no,no,no,no,no,no,no
no,no,yes,no,yes,no,no,no
no,no,yes,no,yes,no,no,yes
missing,no,yes,no,yes,no,no,yes
no,no,no,no,no,missing,no,no
no,no,no,no,no,no,no,missing
no,no,no,no,no,no,missing,no
no,missing,no,no,no,no,no,no
no,missing,yes,no,no,no,no,no
no,no,no,no,no,no,no,no
no,no,yes,no,yes,no,no,yes
no,no,no,no,yes,missing,no,no
no,no,yes,no,yes,no,no,yes
no,no,missing,no,missing,no,no,no
no,no,yes,no,no,no,no,no
no,missing,yes,missing,yes,no,yes,yes
no,no,yes,no,yes,no,no,yes
no,no,yes,no,yes,no,no,yes
no,no,yes,no,yes,no,yes,missing
no,no,missing,no,missing,no,no,yes
yes,no,no,no,missing,missing,no,yes
no,no,no,missing,yes,missing,no,yes
yes,no,yes,no,missing,no,no,yes
no,no,yes,no,no,no,no,yes
no,no,yes,missing,no,no,no,missing
no,yes,yes,no,yes,yes,yes,yes
no,no,no,no,no,no,no,no
no,no,yes,no,yes,no,no,yes
no,no,no,no,no,no,no,no
missing,no,no,no,no,no,no,no
no,no,yes,no,yes,missing,no,missing
no,no,yes,no,yes,no,no,yes
no,no,no,no,no,no,no,no
no,no,no,no,no,no,no,no
no,no,yes,no,yes,no,no,no
no,no,yes,yes,no,missing,yes,no
no,no,no,no,no,missing,no,missing
no,no,yes,no,yes,no,no,yes
no,no,yes,no,no,missing,no,no
no,no,yes,no,missing,no,no,yes
no,missing,yes,no,yes,no,no,yes
no,no,yes,yes,no,yes,yes,yes
no,no,yes,yes,yes,yes,missing,yes
no,no,no,no,yes,no,missing,yes
no,no,yes,no,no,no,missing,no
no,no,yes,no,no,no,no,yes
no,no,no,no,missing,no,no,no
no,no,missing,no,yes,no,no,yes
no,no,yes,no,yes,no,missing,no
no,missing,yes,no,yes,no,no,yes
no,no,yes,no,no,no,no,no
no,no,yes,no,yes,missing,no,yes
no,no,missing,missing,yes,missing,no,yes
no,no,yes,no,yes,no,no,yes
missing,no,yes,no,yes,no,no,yes
no,no,no,no,no,no,no,yes
no,no,yes,no,no,no,no,yes
no,no,missing,no,missing,missing,no,no
no,no,no,no,no,no,no,missing
no,no,no,no,no,no,no,no
no,no,yes,no,yes,no,no,yes
no,no,no,no,no,no,no,no
no,no,no,no,no,no,no,no
no,no,no,no,no,no,no,no
missing,no,yes,no,yes,no,no,yes
no,no,no,no,no,missing,no,no
no,no,yes,yes,no,yes,yes,no
no,no,no,no,missing,no,no,no
no,no,no,no,missing,no,no,no
no,no,no,no,no,no,no,no
no,no,no,no,missing,no,no,yes
no,no,yes,missing,no,no,no,no
no,no,no,no,no,no,no,no
no,no,no,no,no,no,no,no
missing,missing,yes,no,yes,no,no,missing
no,no,no,no,no,no,no,no
no,no,yes,no,no,no,no,no
no,no,no,no,no,missing,no,no
no,missing,missing,no,yes,no,yes,yes
no,no,yes,no,missing,no,yes,no
no,no,no,no,yes,no,no,yes
no,no,missing,no,no,no,no,missing
no,no,no,no,no,missing,no,no
no,no,yes,no,no,no,no,missing
no,no,no,no,no,no,missing,no
no,no,missing,no,no,no,no,no
missing,no,missing,missing,yes,no,no,yes
no,no,yes,no,yes,missing,no,yes
no,no,no,no,yes,no,no,yes
no,no,yes,no,no,no,no,no
no,no,no,no,yes,no,no,yes
no,missing,no,no,yes,no,no,yes
no,no,no,no,no,no,no,no
no,no,no,no,no,no,no,missing
no,no,yes,no,missing,no,no,no
no,no,no,no,no,no,no,missing
missing,no,no,no,missing,no,no,yes
no,no,yes,no,yes,no,no,yes
no,no,no,no,yes,no,no,yes
no,missing,no,no,no,no,no,no
no,no,yes,yes,yes,yes,yes,yes
missing,no,yes,no,yes,no,no,yes
no,no,yes,no,missing,no,no,no
no,no,missing,missing,yes,no,no,yes
no,no,no,no,yes,no,no,yes
no,missing,missing,no,no,no,no,no
no,no,yes,no,no,no,no,no
no,no,missing,no,no,missing,no,no
no,missing,yes,no,yes,no,no,missing
no,no,no,no,yes,no,no,yes
no,missing,missing,missing,yes,no,no,missing
no,no,yes,no,no,no,no,no
no,no,yes,no,yes,no,no,yes
no,no,yes,no,yes,no,no,yes
no,no,yes,no,yes,no,no,yes
no,no,yes,no,no,no,no,no
no,no,yes,no,no,no,no,no
no,no,yes,no,yes,no,no,yes
no,no,no,no,no,no,no,no
no,no,yes,no,no,no,no,no
no,no,no,no,yes,no,no,yes
no,no,no,no,no,no,no,yes
no,no,yes,missing,missing,no,no,no
no,no,no,no,no,no,no,no
no,no,yes,no,yes,no,no,yes
no,no,no,no,no,no,no,yes
no,no,yes,no,yes,no,missing,yes
no,no,yes,no,missing,no,no,yes
no,no,no,no,missing,no,no,no
no,no,yes,missing,missing,no,no,no
no,missing,missing,no,yes,no,yes,no
no,no,no,no,missing,no,missing,yes
no,missing,yes,yes,yes,missing,yes,yes
missing,no,yes,no,yes,no,no,yes
no,no,no,missing,no,no,no,yes
no,no,no,no,no,no,missing,no
no,no,yes,no,yes,no,no,no
no,no,no,missing,no,no,no,no
missing,no,no,no,no,no,no,no
no,no,yes,no,no,no,no,no
no,no,no,no,no,no,no,missing
no,no,no,no,yes,no,no,yes
no,no,no,no,no,no,no,no
no,no,no,no,yes,no,no,yes
no,no,no,missing,no,missing,no,no
no,no,yes,no,missing,no,no,missing
no,no,no,no,no,no,no,no
no,no,yes,no,yes,missing,no,missing
no,no,yes,yes,no,missing,yes,missing
no,no,missing,no,no,no,no,no
no,no,yes,no,yes,no,no,yes
no,no,missing,no,yes,no,no,yes
no,no,yes,no,no,no,no,no
no,no,no,missing,no,no,missing,no
no,no,no,no,no,no,no,no
no,no,no,no,yes,no,no,yes
no,no,yes,no,missing,no,no,missing
missing,no,no,no,yes,no,no,yes
no,no,no,no,yes,no,no,missing
no,no,no,no,yes,no,missing,yes
no,no,yes,no,no,no,no,no
no,no,yes,no,missing,missing,no,no
missing,no,no,missing,no,no,no,missing
missing,no,yes,no,no,no,no,no
no,no,no,no,no,no,missing,no
no,no,yes,no,yes,no,no,no
no,no,no,missing,missing,no,no,no
no,no,yes,no,yes,no,no,no
no,no,yes,yes,yes,yes,yes,missing
no,missing,no,missing,no,yes,yes,no
no,missing,yes,no,no,no,no,no
no,no,no,no,no,no,no,no
no,no,no,no,no,missing,no,missing
no,no,yes,no,no,no,no,no
no,no,missing,missing,yes,no,no,yes
no,no,no,no,yes,no,no,no
no,no,no,no,yes,no,no,yes
no,no,yes,yes,no,yes,yes,yes
no,no,missing,no,yes,no,no,yes
no,no,no,no,no,no,missing,no
no,no,yes,yes,yes,yes,yes,yes
no,no,yes,no,yes,no,no,no
missing,no,yes,no,yes,no,no,yes
no,no,yes,no,yes,no,no,yes
no,no,yes,no,yes,no,no,yes
no,no,no,no,yes,no,no,yes
missing,no,yes,missing,no,no,no,no
no,no,yes,no,yes,no,no,yes
no,no,yes,no,no,no,no,no
no,no,no,no,no,no,no,no
no,no,no,no,no,no,no,no
no,no,no,no,no,no,no,no
no,no,missing,no,yes,no,no,yes
no,no,missing,missing,missing,no,missing,missing
no,no,no,no,missing,no,missing,no
no,missing,no,no,no,no,no,no
no,no,no,no,yes,no,yes,yes
missing,missing,no,no,no,no,no,missing
missing,no,no,no,no,missing,no,no
no,missing,yes,no,no,no,no,yes
no,no,yes,no,yes,no,missing,yes
no,missing,yes,no,yes,no,no,yes
no,no,yes,missing,yes,no,missing,yes
missing,no,yes,no,yes,no,no,yes
no,no,no,no,no,no,no,no
no,no,missing,no,no,missing,no,no
no,no,no,no,no,no,no,yes
missing,no,yes,yes,no,yes,missing,no
no,no,no,no,yes,no,no,missing
no,no,no,no,no,no,no,no
no,no,no,no,no,no,no,missing
no,no,yes,no,no,missing,no,no
no,no,no,no,no,no,no,no
no,no,yes,no,missing,no,no,missing
missing,no,yes,no,yes,no,no,missing
no,no,missing,no,yes,no,no,no
no,no,no,no,no,no,no,missing
no,no,no,missing,missing,no,no,yes
no,no,missing,missing,no,no,no,no
no,missing,missing,no,yes,no,no,yes
no,no,yes,no,no,no,yes,no
no,no,yes,no,yes,no,no,yes
no,no,no,missing,missing,no,no,missing
no,no,yes,yes,yes,yes,missing,yes
no,no,yes,no,yes,no,no,no
no,no,no,no,yes,no,no,no
no,no,no,no,no,no,no,no
no,no,no,no,no,no,no,no
no,no,no,no,no,no,no,no
no,no,yes,no,yes,no,missing,yes
no,no,no,missing,no,missing,no,no
no,no,no,no,yes,no,no,yes
no,no,yes,missing,missing,no,no,yes
no,no,yes,no,no,missing,no,missing
no,no,no,no,no,no,no,no
no,no,no,no,no,no,no,no
no,missing,yes,no,yes,no,no,yes
no,no,no,no,yes,no,no,yes
no,no,yes,yes,no,yes,yes,yes
no,no,no,no,no,no,no,missing
missing,no,no,no,no,no,no,no
no,missing,missing,no,no,no,missing,no
no,no,no,no,no,no,missing,no
no,no,yes,no,yes,no,no,yes
missing,no,no,no,no,no,no,no
no,no,yes,no,no,no,no,no
no,no,no,no,yes,no,no,yes
missing,no,yes,no,yes,no,missing,yes
no,no,yes,no,no,no,no,no
no,no,yes,yes,yes,yes,yes,yes
no,missing,no,no,no,no,no,no
no,no,yes,no,yes,no,no,yes
no,no,yes,no,missing,no,no,yes
missing,no,yes,missing,yes,no,no,no
no,no,missing,no,yes,no,no,yes
no,no,no,no,no,no,missing,no
no,missing,no,no,yes,no,no,yes
no,no,no,no,no,no,missing,no
no,no,no,no,no,no,no,no
no,no,yes,no,no,no,no,no
no,no,yes,no,yes,no,missing,yes
no,no,yes,no,yes,no,missing,yes
no,no,yes,no,no,no,yes,no
no,no,no,no,no,no,missing,missing
missing,missing,yes,no,no,no,no,no
no,no,no,no,yes,no,no,missing
no,no,no,no,no,no,no,no
no,missing,yes,no,no,no,no,no
no,no,yes,no,yes,no,no,yes
missing,no,yes,no,yes,no,no,no
no,no,yes,no,no,no,no,no
no,no,no,no,yes,no,no,yes
no,no,no,missing,no,no,no,no
no,missing,missing,no,missing,no,no,no
missing,no,yes,no,yes,no,no,yes
no,no,yes,no,yes,no,no,yes
no,no,no,no,no,no,no,missing
no,no,yes,no,yes,no,no,missing
no,no,no,no,no,no,no,missing
no,no,no,no,yes,no,no,yes
no,missing,no,no,no,no,no,no
yes,no,no,no,no,no,no,no
no,no,no,missing,no,no,no,no
no,no,no,no,yes,no,no,yes
no,no,no,no,no,no,no,yes
no,no,yes,yes,yes,missing,yes,yes
missing,no,yes,no,no,no,no,no
no,no,yes,no,yes,no,no,yes
no,no,no,no,no,no,missing,no
missing,no,no,no,yes,no,no,yes
no,no,no,no,no,no,yes,no
no,no,yes,yes,no,yes,yes,yes
no,no,yes,no,yes,no,no,yes
no,no,yes,missing,yes,no,no,yes
no,no,yes,no,yes,no,no,yes
no,no,no,no,no,no,no,no
no,no,no,no,yes,missing,no,no
no,no,missing,no,no,no,no,missing
no,no,yes,no,yes,no,missing,no
no,no,no,no,no,no,no,no
