asia,tub,smoke,lung,bronc,either,xray,dysp
no,no,no,no,yes,no,no,yes
no,no,yes,no,yes,no,no,yes
no,no,yes,yes,yes,yes,yes,yes
no,no,yes,no,yes,no,no,yes
no,no,yes,no,no,no,no,no
no,no,yes,no,yes,no,no,no
no,no,no,no,missing,no,no,missing
missing,no,yes,no,yes,no,missing,missing
no,no,no,no,no,no,no,no
missing,no,yes,no,yes,no,no,yes
no,no,no,missing,no,no,no,no
no,no,yes,no,yes,no,no,yes
no,no,no,no,yes,no,no,yes
no,no,yes,no,missing,no,no,no
missing,missing,missing,no,yes,missing,no,yes
no,no,no,no,missing,no,no,no
no,no,yes,no,yes,no,no,yes
no,no,no,no,yes,no,no,yes
no,no,yes,no,no,no,no,no
no,no,no,no,no,no,no,no
no,no,yes,no,yes,no,no,yes
no,no,no,no,no,no,no,missing
no,no,no,no,no,no,no,no
no,no,yes,no,no,no,no,no
no,no,yes,no,missing,no,no,yes
no,no,yes,missing,yes,no,no,yes
missing,no,yes,no,no,no,no,no
missing,missing,yes,no,yes,no,no,no
no,no,missing,no,no,no,no,no
no,no,yes,no,yes,no,no,yes
no,missing,yes,no,no,no,no,no
no,yes,no,yes,yes,yes,yes,yes
no,no,no,no,no,no,no,no
no,no,yes,no,yes,missing,no,no
no,no,no,missing,no,no,no,no
missing,no,no,no,no,no,yes,missing
no,no,no,no,no,no,no,no
no,no,no,no,no,no,no,no
no,no,yes,no,yes,no,no,yes
no,no,no,no,no,no,no,no
no,missing,missing,yes,yes,yes,yes,yes
no,no,yes,no,no,no,no,no
no,no,no,no,missing,no,no,no
no,no,no,no,yes,no,no,yes
no,no,yes,no,yes,no,no,yes
missing,no,yes,no,no,no,no,yes
no,no,yes,no,yes,no,no,yes
no,no,yes,yes,yes,yes,yes,no
no,no,no,no,yes,no,no,yes
no,no,yes,no,no,no,no,no
no,no,no,no,no,no,no,no
no,no,no,yes,no,yes,yes,yes
no,no,no,no,yes,no,no,yes
no,no,no,no,no,no,no,no
missing,missing,yes,no,yes,no,no,yes
missing,no,yes,no,no,no,no,no
no,no,yes,no,yes,no,no,yes
no,no,yes,no,yes,no,no,yes
missing,no,missing,no,yes,no,no,yes
no,missing,yes,no,yes,no,no,no
no,missing,yes,no,yes,no,no,yes
no,no,no,no,yes,no,yes,yes
no,no,yes,no,no,no,no,no
no,no,no,yes,yes,yes,yes,yes
no,no,no,no,no,no,no,no
no,no,yes,no,no,no,no,no
no,no,no,no,no,no,no,no
no,no,yes,no,yes,no,no,yes
no,no,no,no,no,no,no,no
no,no,yes,no,no,no,missing,yes
no,no,no,no,yes,no,no,yes
no,no,yes,no,no,no,no,missing
no,no,no,no,missing,no,no,no
no,no,no,no,yes,no,no,yes
no,no,no,no,no,no,no,no
no,no,no,no,no,no,yes,yes
no,no,no,no,no,no,no,no
no,no,yes,no,yes,missing,no,yes
no,no,yes,no,no,no,no,no
no,no,no,no,no,no,no,no
no,missing,no,no,no,no,no,no
no,no,yes,no,yes,no,no,yes
no,no,yes,no,no,no,no,no
no,no,no,no,yes,missing,no,yes
no,no,yes,no,yes,no,no,yes
no,no,no,no,no,no,no,no
no,no,yes,no,missing,no,yes,no
no,no,no,no,no,missing,no,no
no,no,missing,no,yes,no,no,no
no,yes,no,no,yes,yes,yes,no
no,no,yes,yes,yes,yes,yes,no
no,no,yes,no,no,no,no,no
no,no,no,missing,no,no,no,missing
no,no,missing,no,no,no,no,no
no,no,yes,no,missing,no,no,no
no,missing,no,no,missing,no,no,yes
yes,no,yes,no,no,no,no,yes
no,no,no,no,no,no,no,no
missing,no,yes,yes,no,missing,yes,yes
no,no,yes,no,no,no,no,no
