asia,tub,smoke,lung,bronc,either,xray,dysp
no,no,no,no,yes,no,no,yes
no,no,yes,no,yes,missing,no,yes
no,no,yes,yes,yes,yes,missing,yes
no,no,yes,no,missing,no,no,yes
no,no,yes,no,no,no,missing,no
missing,no,yes,no,yes,no,no,no
no,no,no,no,no,no,no,no
no,no,yes,no,yes,no,no,yes
no,no,no,no,no,no,no,no
no,no,yes,no,yes,no,no,yes
no,no,no,no,no,no,no,no
no,no,yes,no,yes,no,no,yes
no,no,no,no,yes,no,no,yes
no,no,yes,no,no,no,no,no
no,no,yes,no,yes,no,no,yes
no,no,no,no,no,no,no,no
no,no,yes,no,yes,no,no,yes
no,no,no,no,missing,no,no,yes
no,no,yes,no,no,missing,no,no
no,no,no,no,no,missing,no,no
no,no,yes,no,yes,no,no,yes
no,no,no,no,no,no,no,no
no,no,no,no,no,no,no,no
no,no,yes,no,no,no,no,no
no,no,yes,no,yes,no,no,yes
no,no,yes,missing,yes,no,no,yes
no,no,yes,no,no,no,no,missing
no,no,yes,no,yes,no,missing,no
no,no,no,no,no,no,no,no
no,no,yes,no,yes,no,no,yes
no,no,yes,missing,no,no,no,no
no,yes,no,yes,yes,yes,yes,yes
no,missing,no,no,no,no,no,no
no,no,yes,no,yes,no,no,no
no,no,no,no,no,no,no,no
no,no,no,no,no,no,yes,no
no,no,no,no,no,no,no,no
no,no,no,no,no,no,no,no
no,no,yes,no,yes,missing,no,yes
no,no,no,no,no,no,missing,no
no,no,yes,yes,yes,yes,yes,yes
no,no,yes,no,no,missing,no,no
no,no,no,no,no,no,no,no
no,no,no,no,yes,no,no,yes
no,no,yes,no,yes,no,no,yes
no,no,yes,no,no,no,no,yes
no,no,yes,no,yes,no,no,yes
no,no,yes,yes,yes,yes,missing,no
no,no,no,no,yes,no,no,yes
no,no,missing,no,no,no,no,no
missing,no,no,no,no,no,no,no
no,no,no,yes,no,yes,yes,yes
no,no,no,no,yes,no,no,yes
no,missing,no,no,no,no,no,no
no,no,yes,no,yes,no,no,yes
no,no,yes,no,no,no,no,no
no,no,yes,no,yes,no,no,yes
no,no,yes,no,yes,no,no,yes
no,no,yes,no,yes,no,no,yes
no,no,missing,no,yes,no,no,no
no,no,yes,missing,missing,no,no,yes
no,no,no,no,yes,missing,missing,yes
no,no,yes,no,no,no,no,no
no,no,no,yes,yes,yes,yes,yes
no,no,no,no,no,missing,no,no
no,no,yes,no,no,no,no,no
no,no,no,no,no,no,no,no
no,no,yes,no,yes,no,no,yes
no,no,no,no,missing,no,no,no
no,no,yes,no,no,no,no,yes
no,no,no,no,missing,no,no,yes
no,missing,yes,no,no,no,no,no
no,no,no,no,no,missing,no,no
no,no,no,no,yes,no,no,yes
no,no,no,no,no,no,no,no
no,no,no,no,no,no,yes,yes
no,no,no,no,no,no,no,no
missing,no,yes,no,yes,missing,missing,yes
no,no,yes,no,no,no,no,no
no,no,no,no,no,no,no,no
no,no,missing,no,no,no,no,no
no,no,yes,no,yes,no,no,yes
no,no,yes,no,no,no,no,no
no,no,missing,no,yes,no,no,yes
no,no,yes,no,yes,no,no,yes
no,no,no,no,no,no,no,no
no,no,yes,no,no,no,yes,no
no,missing,no,no,no,no,no,no
no,no,no,no,yes,no,no,no
no,yes,no,no,yes,yes,yes,no
no,no,yes,yes,yes,yes,yes,no
no,no,yes,no,no,no,missing,no
no,missing,no,no,no,no,no,no
no,no,yes,missing,no,no,no,no
no,no,yes,no,no,no,no,no
no,no,no,no,no,no,no,yes
yes,no,yes,no,no,no,no,missing
no,no,no,no,no,no,no,no
no,no,yes,yes,no,yes,yes,yes
no,no,yes,no,no,no,no,no
